source,destination,permanent
/about-anderson-cleaning-west-springfield,/about,true
/about-us,/about,true
/account,/contact,true
/anderson-biohazard-cleanup,/services/post-construction,true
/anderson-cleaning-blog,/blog,true
/blog,/blog,true
/building-maintenance-cleaning-services-discover-professional-solutions-anderson-cleaning-about-us,/about,true
/building-maintenance-cleaning-services-discover-professional-solutions-anderson-cleaning-about-us-copy,/about,true
/building-maintenance-cleaning-services-discover-professional-solutions-anderson-cleaning-about-us-copy-2,/about,true
/building-maintenance-cleaning-services-discover-professional-solutions-anderson-cleaning-about-us-copy-3,/about,true
/c2536f34-7709-47a3-863d-208b52b007e3,/,true
/careers,/careers,true
/carpet-cleaning,/services/floor-carpet-care,true
/category,/blog,true
/cefa85af-b05c-45bd-93b5-39b834b16a0a,/,true
/cleaning-consulting-services,/services,true
/cleaning-services,/services,true
/cleaning-services-copy,/services,true
/cleaning-services-western-ma,/services,true
/commercial-cleaning-blog,/blog,true
/commercial-cleaning-faqs,/faq,true
/commercial-cleaning-service,/services,true
/commercial-cleaning-service-copy,/services,true
/commercial-cleaning-service-copy-2,/services,true
/commercial-cleaning-service-copy-2-copy,/services,true
/commercial-cleaning-service-copy-copy,/services,true
/contact-anderson-cleaning,/contact,true
/contact-us,/contact,true
/coronavirus-cleaning-covid19,/services,true
/corporate-cleaning-services,/industries/corporate-offices,true
/corporate-office-cleaning,/industries/corporate-offices,true
/covid-19,/services,true
/d6bf02ec-b3aa-4ca7-b182-674030df1de4,/,true
/d846b89d-a925-4f7b-896e-6632c0729809,/,true
/day-porter-services,/services,true
/dynamik-gen,/,true
/e68eea5f-0f59-4313-a4bc-86412bf98ad2,/,true
/education-facilities-cleaning,/industries/educational-facilities,true
/educational-facilities-cleaning,/industries/educational-facilities,true
/eeab1613-c17e-4242-869f-2504075b8e98,/,true
/erp-subscription,/contact,true
/exceptional-cleaning-services,/services,true
/f731860e-60dd-48eb-846d-871823e24357,/,true
/faq,/faq,true
/faqs,/faq,true
/fl-builder-history,/,true
/fl-builder-template,/,true
/floor-care,/services/floor-carpet-care,true
/floor-carpet-care-services,/services/floor-carpet-care,true
/free-quote,/quote,true
/green-cleaning-services,/services,true
/healthcare-cleaning-service,/industries/healthcare,true
/healthcare-cleaning-services,/industries/healthcare,true
/healthcare-facilities-cleaning,/industries/healthcare,true
/home-cleaning-company,/services,true
/home-preview,/,true
/industrial-cleaning,/industries/manufacturing-warehouses,true
/industries,/industries,true
/industries-served-tailored-commercial-cleaning-solutions,/industries,true
/janitorial-cleaning-services,/services/janitorial,true
/janitorial-services,/services/janitorial,true
/join-our-team,/careers,true
/join-team,/careers,true
/login,/contact,true
/login-2,/contact,true
/logout,/,true
/manufacturing-cleaning,/industries/manufacturing-warehouses,true
/meet-our-team,/about,true
/members,/contact,true
/membership-join,/contact,true
/membership-login,/contact,true
/news,/blog,true
/office-cleaning-services,/services/office-cleaning,true
/password-reset,/contact,true
/pay-my-bill,/contact,true
/post-construction-cleaning,/services/post-construction,true
/post-construction-cleaning-services,/services/post-construction,true
/post-mortem-cleaning-services,/services/post-construction,true
/product-category,/,true
/promotions,/promotions,true
/quote-request,/quote,true
/register,/contact,true
/retail-cleaning-services,/industries/retail-stores,true
/retail-store-cleaning,/industries/retail-stores,true
/services,/services,true
/servicing,/services,true
/sitemap,/,true
/supply-management,/services/supply-management,true
/supply-management-services,/services/supply-management,true
/tag,/blog,true
/testimonials,/testimonials,true
/thank-you,/contact,true
/um,/contact,true
/user,/contact,true
/warehouse-cleaning,/industries/manufacturing-warehouses,true
/web-design-services,/services/office-cleaning,true
/webp-net-resizeimage,/,true
/window-cleaning-services,/services/window-cleaning,true
/wonder-blocks-blank-template,/,true
/wp-admin,/,true
/wp-content,/,true
/wp-includes,/,true
